gripper	,150
movej	,0.1	,0.2	,0.0	,0.371926	,0	,-1.76311	,0	,-1.9602	,0
movej	,0.1	,0.2	,-0.539576	,0.132749	,-0.0064846	,-1.52234	,-0.0219615	,-1.95666	,-0.561868
movej	,0.1	,0.2	,-0.539576	,-0.203814	,-0.0064846	,-1.52234	,-0.0219615	,-1.95666	,-0.561868
movej	,0.1	,0.2	,-0.539576	,-0.364319	,-0.0064846	,-0.862393	,-0.0219615	,-1.95666	,-0.561868
movej	,0.1	,0.2	,-0.539576	,-0.364319	,-0.0064846	,-0.862393	,-0.0219615	,-1.54363	,-0.561868
movel	,0.01	,0.1	,0.519449	,-0.32175	,0.586999	,-2.91702	,0.299312	,-3.09442
movej	,0.1	,0.2	,-0.541943	,-0.383029	,-0.00689013	,-0.986068	,-0.0210283	,-1.35786	,-0.56136
gripper	,160
movel	,0.01	,0.1	,0.519449	,-0.32175	,0.586999	,-2.91702	,0.299312	,-3.09442
movej	,0.1	,0.2	,-0.539576	,-0.364319	,-0.0064846	,-0.862393	,-0.0219615	,-1.54363	,-0.561868
movej	,0.1	,0.2	,-0.357408	,-0.364314	,-0.00648107	,-0.862391	,-0.0219615	,-1.54363	,-0.561866
movej	,0.1	,0.2	,-0.357408	,0.331365	,-0.00648107	,-1.37155	,-0.0219615	,-1.03943	,-0.561866
movej	,0.1	,0.2	,0.0265745	,0.331365	,-0.00648107	,-1.37155	,-0.0219615	,-1.03943	,-0.561866
movej	,0.1	,0.2	,0.390264	,0.331365	,-0.00648107	,-1.37155	,-0.0219615	,-1.03943	,-0.561866
movej	,0.1	,0.2	,0.390264,-0.0298423,0.0332817,-1.37863,-0.0987053,-0.340475,0.0977222,0.559404,0.243982,0.762589,-3.14041,1.39425,-2.75011
gripper	,210
gripper	,150
movej	,0.1	,0.2	,0.396082,0.371926,0,-1.76311,0,-0.353223,0,0.417867,0.174743,0.742878,3.14157,1.39719,-2.74553
movej	,0.1	,0.2	,0.396082,0.371926,0,-1.76311,0,-1.9602,0,0.181737,0.0759983,0.570133,3.14159,-0.209785,-2.74551
movej	,0.1	,0.2	,0.0,0.371926,0,-1.76311,0,-1.9602,0,0.181737,0.0759983,0.570133,3.14159,-0.209785,-2.74551